Id;Provincies;Hastag
9;Brabant;#brabantslandschap #mooibrabant
6;Drenthe;#drentslandschap #roegtv #drenthedoetwatmetje
8;Flevoland;#hetflevolandschap #flevolandinbeeld
12;Friesland;#natuurmonumenten_friesland #frieslandopzijnmooist
3;Gelderland;#gelderschlandschapkastelen #natuuringelderland
4;Groningen;#hetgroningerlandschap #daspasgrunnen #ergaatnietsbovengroningen
11;Limburg;#limburgslandschap #limburginbeeld
1;Noord Holland;#landschapnoordholland #noordhollandinbeeld
2;Overijssel;#landschapoverijssel #overijsselslandschap
7;Utrecht;#utrechtslandschap #utrechtnatuurlijk
10;Zeeland;#zeelandnatuur #zeelandfotografie
5;Zuid Holland;#zuidhollandslandschap #zuidhollandfotografie
